Area,Age
559.0822825,21.93942413
229.0478161,42.7562961
475.0394591,47.34540152
253.3970279,54.64012793
260.4489444,35.07863702
338.8442691,56.5513261
233.0215324,21.97446149
380.6485898,23.82410773
803.1896425,18.17611104
212.8957467,5.365999288